{
  "name": "adapt-contrib-textInput",
  "version": "3.0.1",
  "framework": ">=2.0.16",
  "homepage": "https://github.com/adaptlearning/adapt-contrib-textInput",
  "issues": "https://github.com/adaptlearning/adapt_framework/issues/new",
  "description": "A question component that allows the learner to input text based upon a question stem.",
  "main": "/js/adapt-contrib-textInput.js",
  "displayName": "Text Input",
  "component": "textinput",
  "keywords": [
    "adapt-plugin",
    "adapt-component"
  ],
  "license": "GPLv3",
  "_release": "3.0.1",
  "_resolution": {
    "type": "version",
    "tag": "v3.0.1",
    "commit": "cf9a3ccb5ad8262ca2a5704b3229e4383cbb3df2"
  },
  "_source": "git://github.com/adaptlearning/adapt-contrib-textInput.git",
  "_target": "3.0.1",
  "_originalSource": "adapt-contrib-textInput",
  "_direct": true
}