{
  "name": "adapt-contrib-trickle",
  "version": "3.0.0",
  "framework": ">=3",
  "homepage": "https://github.com/adaptlearning/adapt-contrib-trickle",
  "issues": "https://github.com/adaptlearning/adapt_framework/issues/new",
  "displayName": "Trickle",
  "extension": "trickle",
  "description": "A vertical locking extension",
  "main": "/js/adapt-contrib-trickle.js",
  "keywords": [
    "adapt-plugin",
    "adapt-extension"
  ],
  "license": "GPLv3",
  "targetAttribute": "_trickle",
  "_release": "3.0.0",
  "_resolution": {
    "type": "version",
    "tag": "v3.0.0",
    "commit": "14a8f85bd2ee6bd488392705d6c62d11bbcceec4"
  },
  "_source": "git://github.com/adaptlearning/adapt-contrib-trickle.git",
  "_target": "3.0.0",
  "_originalSource": "adapt-contrib-trickle",
  "_direct": true
}