{
  "name": "adapt-contrib-boxMenu",
  "version": "4.0.0",
  "framework": ">=4",
  "homepage": "https://github.com/adaptlearning/adapt-contrib-boxmenu",
  "issues": "https://github.com/adaptlearning/adapt_framework/issues/new",
  "displayName": "Box menu",
  "menu": "boxmenu",
  "description": "A core bundled menu",
  "main": "js/adapt-contrib-boxmenu.js",
  "keywords": [
    "adapt-plugin",
    "adapt-menu"
  ],
  "license": "GPLv3",
  "targetAttribute": "_boxMenu",
  "_release": "4.0.0",
  "_resolution": {
    "type": "version",
    "tag": "v4.0.0",
    "commit": "ec90b021b698641df7e88e17f62375bbdbbc95b0"
  },
  "_source": "git://github.com/adaptlearning/adapt-contrib-boxmenu.git",
  "_target": "4.0.0",
  "_originalSource": "adapt-contrib-boxMenu",
  "_direct": true
}