{
  "name": "adapt-contrib-hotgraphic",
  "version": "4.0.0",
  "framework": ">=3.3",
  "homepage": "https://github.com/adaptlearning/adapt-contrib-hotgraphic",
  "issues": "https://github.com/adaptlearning/adapt_framework/issues/new",
  "description": "A component that enables a user to click on pins over an image to display more detail in a popup",
  "main": "/js/adapt-contrib-hotgraphic.js",
  "displayName": "Hot Graphic",
  "component": "hotgraphic",
  "keywords": [
    "adapt-plugin",
    "adapt-component"
  ],
  "pluginDependencies": {
    "adapt-contrib-narrative": "*"
  },
  "license": "GPLv3",
  "_release": "4.0.0",
  "_resolution": {
    "type": "version",
    "tag": "v4.0.0",
    "commit": "716d7cc72bfae95d29cbc75f836cc89d9fe641f3"
  },
  "_source": "git://github.com/adaptlearning/adapt-contrib-hotgraphic.git",
  "_target": "4.0.0",
  "_originalSource": "adapt-contrib-hotgraphic",
  "_direct": true
}