{
  "name": "adapt-contrib-bookmarking",
  "version": "2.1.3",
  "framework": ">=2.2",
  "homepage": "https://github.com/adaptlearning/adapt-contrib-bookmarking",
  "issues": "https://github.com/adaptlearning/adapt_framework/issues/new?title=contrib-bookmarking%3A%20please%20enter%20a%20brief%20summary%20of%20the%20issue%20here&body=please%20provide%20a%20full%20description%20of%20the%20problem,%20including%20steps%20on%20how%20to%20replicate,%20what%20browser(s)/device(s)%20the%20problem%20occurs%20on%20and,%20where%20helpful,%20screenshots.",
  "displayName": "Bookmarking",
  "extension": "bookmarking",
  "description": "A bookmarking extension",
  "main": "/js/adapt-contrib-bookmarking.js",
  "keywords": [
    "adapt-plugin",
    "adapt-extension"
  ],
  "license": "GPLv3",
  "targetAttribute": "_bookmarking",
  "_release": "2.1.3",
  "_resolution": {
    "type": "version",
    "tag": "v2.1.3",
    "commit": "827ba9f4aa7eadca38061692ff0fb3538f881cf0"
  },
  "_source": "git://github.com/adaptlearning/adapt-contrib-bookmarking.git",
  "_target": "2.1.3",
  "_originalSource": "adapt-contrib-bookmarking",
  "_direct": true
}