{
  "name": "adapt-contrib-slider",
  "version": "2.3.2",
  "framework": ">=2.0.16",
  "homepage": "https://github.com/adaptlearning/adapt-contrib-slider",
  "issues": "https://github.com/adaptlearning/adapt_framework/issues/new",
  "displayName": "Slider",
  "component": "slider",
  "description": "A question component that allows the learner to position a slider on scale",
  "main": "/js/adapt-contrib-slider.js",
  "keywords": [
    "adapt-plugin",
    "adapt-component"
  ],
  "license": "GPLv3",
  "_release": "2.3.2",
  "_resolution": {
    "type": "version",
    "tag": "v2.3.2",
    "commit": "d7e41d3e815bc3f73578b32890d3342ec16cec93"
  },
  "_source": "git://github.com/adaptlearning/adapt-contrib-slider.git",
  "_target": "2.3.2",
  "_originalSource": "adapt-contrib-slider",
  "_direct": true
}