{
  "name": "adapt-contrib-graphic",
  "version": "3.0.0",
  "framework": ">=3.3",
  "homepage": "https://github.com/adaptlearning/adapt-contrib-graphic",
  "issues": "https://github.com/adaptlearning/adapt_framework/issues/new",
  "displayName": "Graphic",
  "component": "graphic",
  "assetFields": [
    "_graphic.small",
    "_graphic.large"
  ],
  "description": "Graphic component which dynamically displays small and large images of different resolutions based upon device width",
  "main": "/js/adapt-contrib-graphic.js",
  "keywords": [
    "adapt-plugin",
    "adapt-component"
  ],
  "license": "GPLv3",
  "_release": "3.0.0",
  "_resolution": {
    "type": "version",
    "tag": "v3.0.0",
    "commit": "8c74ab15c778d9e2e2f6b09024eccaba5dd6ece2"
  },
  "_source": "git://github.com/adaptlearning/adapt-contrib-graphic.git",
  "_target": "3.0.0",
  "_originalSource": "adapt-contrib-graphic",
  "_direct": true
}