{
  "name": "adapt-contrib-spoor",
  "version": "3.2.0",
  "framework": ">=3.5.0",
  "homepage": "https://github.com/adaptlearning/adapt-contrib-spoor",
  "issues": "https://github.com/adaptlearning/adapt_framework/issues/new",
  "displayName": "Spoor",
  "extension": "spoor",
  "description": "An extension which allows basic SCORM tracking",
  "main": "/js/adapt-contrib-spoor.js",
  "keywords": [
    "adapt-plugin",
    "adapt-extension"
  ],
  "license": "GPLv3",
  "targetAttribute": "_spoor",
  "_release": "3.2.0",
  "_resolution": {
    "type": "version",
    "tag": "v3.2.0",
    "commit": "3514a1db51746305e43f5e503d28c06916306e36"
  },
  "_source": "git://github.com/adaptlearning/adapt-contrib-spoor.git",
  "_target": "3.2.0",
  "_originalSource": "adapt-contrib-spoor",
  "_direct": true
}