[
    {
        "_id": "b-05",
        "_parentId": "a-05",
        "_type": "block",
        "_classes": "",
        "title": "b-05",
        "displayTitle": "",
        "body": "",
        "_trackingId": 0
    },
    {
        "_id": "b-10",
        "_parentId": "a-05",
        "_type": "block",
        "_classes": "",
        "title": "b-10",
        "displayTitle": "",
        "body": "",
        "_trackingId": 1
    },
    {
        "_id": "b-15",
        "_parentId": "a-05",
        "_type": "block",
        "_classes": "",
        "title": "b-15",
        "displayTitle": "",
        "body": "",
        "_trackingId": 2
    },
    {
        "_id": "b-20",
        "_parentId": "a-05",
        "_type": "block",
        "_classes": "",
        "title": "b-20",
        "displayTitle": "",
        "body": "",
        "_trackingId": 3
    },
    {
        "_id": "b-25",
        "_parentId": "a-05",
        "_type": "block",
        "_classes": "",
        "title": "b-25",
        "displayTitle": "",
        "body": "",
        "_trackingId": 4
    },
    {
        "_id": "b-30",
        "_parentId": "a-05",
        "_type": "block",
        "_classes": "",
        "title": "b-30",
        "displayTitle": "",
        "body": "",
        "_trackingId": 5
    },
    {
        "_id": "b-35",
        "_parentId": "a-05",
        "_type": "block",
        "_classes": "",
        "title": "b-35",
        "displayTitle": "",
        "body": "",
        "_trackingId": 6
    },
    {
        "_id": "b-40",
        "_parentId": "a-10",
        "_type": "block",
        "_classes": "",
        "title": "b-40",
        "displayTitle": "",
        "body": "",
        "_trackingId": 7
    },
    {
        "_id": "b-45",
        "_parentId": "a-10",
        "_type": "block",
        "_classes": "",
        "title": "b-45",
        "displayTitle": "",
        "body": "",
        "_trackingId": 8
    },
    {
        "_id": "b-50",
        "_parentId": "a-10",
        "_type": "block",
        "_classes": "",
        "title": "b-50",
        "displayTitle": "",
        "body": "",
        "_trackingId": 9
    },
    {
        "_id": "b-55",
        "_parentId": "a-10",
        "_type": "block",
        "_classes": "",
        "title": "b-55",
        "displayTitle": "",
        "body": "",
        "_trackingId": 10
    },
    {
        "_id": "b-60",
        "_parentId": "a-10",
        "_type": "block",
        "_classes": "",
        "title": "b-60",
        "displayTitle": "",
        "body": "",
        "_trackingId": 11
    },
    {
        "_id": "b-65",
        "_parentId": "a-15",
        "_type": "block",
        "_classes": "",
        "title": "b-65",
        "displayTitle": "",
        "body": "",
        "_assessment": {
            "_quizBankID": 1
        },
        "_trackingId": 12
    },
    {
        "_id": "b-75",
        "_parentId": "a-15",
        "_type": "block",
        "_classes": "",
        "title": "b-75",
        "displayTitle": "",
        "body": "",
        "_assessment": {
            "_quizBankID": 1
        },
        "_trackingId": 13
    },
    {
        "_id": "b-80",
        "_parentId": "a-15",
        "_type": "block",
        "_classes": "",
        "title": "b-80",
        "displayTitle": "",
        "body": "",
        "_assessment": {
            "_quizBankID": 1
        },
        "_trackingId": 14
    },
    {
        "_id": "b-85",
        "_parentId": "a-15",
        "_type": "block",
        "_classes": "",
        "title": "b-85",
        "displayTitle": "",
        "body": "",
        "_assessment": {
            "_quizBankID": 2
        },
        "_trackingId": 15
    },
    {
        "_id": "b-90",
        "_parentId": "a-15",
        "_type": "block",
        "_classes": "",
        "title": "b-90",
        "displayTitle": "",
        "body": "",
        "_assessment": {
            "_quizBankID": 2
        },
        "_trackingId": 16
    },
    {
        "_id": "b-95",
        "_parentId": "a-15",
        "_type": "block",
        "_classes": "",
        "title": "b-95",
        "displayTitle": "",
        "body": "",
        "_assessment": {
            "_quizBankID": 2
        },
        "_trackingId": 17
    },
    {
        "_id": "b-100",
        "_parentId": "a-20",
        "_type": "block",
        "_classes": "background-color-inverted",
        "title": "b-100",
        "displayTitle": "",
        "body": "",
        "_trickle": {
            "_isEnabled": true,
            "_button": {
                "_isEnabled": true,
                "text": "Continue",
                "startText": "Continue",
                "finalText": "Continue"
            }
        },
        "_trackingId": 18
    },
    {
        "_id": "b-105",
        "_parentId": "a-20",
        "_type": "block",
        "_classes": "",
        "title": "b-105",
        "displayTitle": "",
        "body": "",
        "_trackingId": 19
    }
]