{
  "_start": {
    "_isEnabled": true,
    "_startIds": [
      {
        "_id": "co-05",
        "_skipIfComplete": true
      }
    ],
    "_force": true
  },
  "_id": "course",
  "_type": "course",
  "title": "Adapt v4",
  "displayTitle": "Adapt Version 4",
  "description": "A sample course demonstrating the capabilities of the Adapt Framework",
  "body": "Welcome to the demonstration build for version 4 of the Adapt framework.<br><br>The focus of this release has been on accessibility, which has been updated to provide a greatly improved experience for users of assistive technology - most noticeably by removing the need to have an 'accessibility mode'.<br>For a complete list of changes, see <a href='https://github.com/adaptlearning/adapt_framework/milestone/17?closed=1' target='_blank'>the Accessibility v4 milestone</a>.",
  "_buttons": {
    "_submit": {
      "buttonText": "Submit",
      "ariaLabel": "Submit"
    },
    "_reset": {
      "buttonText": "Reset",
      "ariaLabel": "Reset"
    },
    "_showCorrectAnswer": {
      "buttonText": "Correct answer",
      "ariaLabel": "Show correct answer"
    },
    "_hideCorrectAnswer": {
      "buttonText": "My answer",
      "ariaLabel": "Show my answer"
    },
    "_showFeedback": {
      "buttonText": "Show feedback",
      "ariaLabel": "Show feedback"
    },
    "remainingAttemptsText": "attempts remaining",
    "remainingAttemptText": "final attempt",
    "disabledAriaLabel": "This button is disabled at the moment"
  },
  "_globals": {
    "_learnerInfo": {
      "id": "student.name@example.org",
      "name": "Name, Student",
      "firstname": "Student",
      "lastname": "Name"
    },
    "_accessibility": {
      "skipNavigationText": "Skip navigation",
      "_ariaLabels": {
        "answeredIncorrectly": "You answered incorrectly",
        "answeredCorrectly": "You answered correctly",
        "selectedAnswer": "selected",
        "unselectedAnswer": "not selected",
        "skipNavigation": "Skip Navigation",
        "previous": "Back",
        "navigationDrawer": "Open course resources.",
        "close": "Close",
        "closeDrawer": "Close drawer",
        "closeResources": "Close resources",
        "drawer": "Top of side drawer",
        "closePopup": "Close popup",
        "next": "Next",
        "done": "Done",
        "complete": "Completed",
        "incomplete": "Incomplete",
        "incorrect": "Incorrect",
        "correct": "Correct",
        "locked": "Locked",
        "visited": "Visited"
      }
    }
  },
  "_latestTrackingId": 19,
  "_pageLevelProgress": {
    "_isEnabled": true,
    "_showPageCompletion": false,
    "_altText": "of components completed on this page."
  },
  "_resources": {
    "_isEnabled": true,
    "title": "Resources",
    "description": "View resources for this course by clicking here.",
    "_filterButtons": {
      "all": "All",
      "document": "Document",
      "media": "Media",
      "link": "Link"
    },
    "_filterAria": {
      "allAria": "View all resources",
      "documentAria": "View document resources",
      "mediaAria": "View media resources",
      "linkAria": "View resource links"
    },
    "_resourcesItems": [
      {
        "_type": "document",
        "title": "Vanilla Theme Swatch",
        "description": "See the swatch for the vanilla theme by clicking here.",
        "_link": "course/en/images/vanilla-swatch.jpg"
      },
      {
        "_type": "media",
        "title": "Adapt Learning YouTube Channel",
        "description": "Fancy catching up on some Adapt material? Click here.",
        "_link": "https://www.youtube.com/channel/UCW8SlSFuCc--B66Gf9fAEcQ"
      },
      {
        "_type": "link",
        "title": "Adapt Project Site",
        "description": "View the project's web site by clicking here.",
        "_link": "https://www.adaptlearning.org/"
      },
      {
        "_type": "link",
        "title": "Framework chat",
        "description": "Join the framework chat room by clicking here.",
        "_link": "https://gitter.im/adaptlearning/adapt_framework"
      }
    ]
  },
  "_assessment": {
    "_isPercentageBased": true,
    "_scoreToPass": 75
  },
  "_bookmarking": {
    "_isEnabled": true,
    "_level": "component",
    "title": "Resume?",
    "body": "Would you like to resume the course from the location you were at last time?",
    "_buttons": {
      "yes": "Yes",
      "no": "No"
    }
  }
}
