{
  "name": "adapt-contrib-gmcq",
  "version": "4.0.0",
  "framework": ">=4",
  "homepage": "https://github.com/adaptlearning/adapt-contrib-gmcq",
  "issues": "https://github.com/adaptlearning/adapt_framework/issues/new",
  "displayName": "Graphical Multiple Choice Question",
  "component": "gmcq",
  "description": "A multiple choice question component, with images",
  "main": "/js/adapt-contrib-gmcq.js",
  "keywords": [
    "adapt-plugin",
    "adapt-component"
  ],
  "pluginDependencies": {
    "adapt-contrib-mcq": ">=3"
  },
  "license": "GPLv3",
  "_release": "4.0.0",
  "_resolution": {
    "type": "version",
    "tag": "v4.0.0",
    "commit": "d51e10f6612eb8f79c859c48fb0456eb0b00feb4"
  },
  "_source": "git://github.com/adaptlearning/adapt-contrib-gmcq.git",
  "_target": "4.0.0",
  "_originalSource": "adapt-contrib-gmcq",
  "_direct": true
}